customer_id,channel,roi,clv,clv_segment
customer_id,channel,,,Low Value
1,referral,50366.7681350148,62.0241459001184,Medium Value
2,paid advertising,11098.5660321112,1.81367123240369,Low Value
3,email marketing,60209.592493041,26.3851852583811,Low Value
4,social media,15822.3564428606,26.5170427472543,Low Value
5,referral,28973.3774990714,35.6792595547204,Low Value
6,paid advertising,12563.2465160765,2.05302187020186,Low Value
7,social media,12176.9748362057,20.4076657879619,Low Value
8,email marketing,13242.8301975754,5.80330332162101,Low Value
9,social media,22285.5761305218,37.3488978733559,Low Value
10,social media,10186.6802808481,17.0720864136357,Low Value
11,email marketing,57140.7415475987,25.0403463818315,Low Value
12,referral,17387.2940310661,21.4115795339542,Low Value
13,social media,35390.0944923762,59.3110547011568,Medium Value
14,email marketing,67795.9445196625,29.7096937855039,Low Value
15,referral,13685.5163255208,16.8530261663236,Low Value
16,paid advertising,4179.10015831113,0.682927300025332,Low Value
17,referral,17399.3127898503,21.4263800319011,Low Value
18,paid advertising,14839.084129054,2.4249276818479,Low Value
19,social media,21416.1316668656,35.8917763572028,Low Value
20,referral,53251.2702432319,65.5762654073631,Medium Value
21,paid advertising,6389.25703209731,1.04409989921405,Low Value
22,email marketing,76220.9887301315,33.4017359186403,Low Value
23,social media,20955.2213487828,35.1193263968325,Low Value
24,email marketing,74848.5833383809,32.8003172906181,Low Value
25,email marketing,35830.335603471,15.7016515744866,Low Value
26,paid advertising,14530.384654855,2.37448158329851,Low Value
27,email marketing,89125.4116497866,39.0567416293491,Low Value
28,social media,19457.2628150137,32.6088640256291,Low Value
29,email marketing,82663.6695969608,36.2250622557445,Low Value
30,paid advertising,4448.39118899533,0.726933471100332,Low Value
31,referral,38828.7597021464,47.8156678711397,Low Value
32,social media,15183.3671382458,25.4461462112864,Low Value
33,referral,24189.9115029447,29.7886613718729,Low Value
34,social media,20295.2815751642,34.0133184990296,Low Value
35,paid advertising,6553.45888007548,1.07093293035735,Low Value
36,referral,57301.59195352,70.5640332154525,Medium Value
37,social media,40082.9995492193,67.1759997521998,Medium Value
38,social media,33127.4438399697,55.5190276229753,Medium Value
39,paid advertising,15814.4431060443,2.58431588683906,Low Value
40,referral,46388.5589774321,57.1251810797101,Medium Value
41,social media,41245.7505789282,69.124680334043,Medium Value
42,social media,11611.3121731041,19.4596590184166,Low Value
43,paid advertising,10822.7069275079,1.76859174008296,Low Value
44,paid advertising,3197.17310740167,0.522465773788441,Low Value
45,paid advertising,11709.39690659,1.91349010825674,Low Value
46,social media,10919.9466959799,18.3009840778611,Low Value
47,email marketing,65966.070663995,28.9078022814743,Low Value
48,referral,9899.60730848591,12.1908693130649,Low Value
49,social media,16398.4943404641,27.4826051977171,Low Value
50,referral,6762.71126579982,8.32793934893634,Low Value
51,email marketing,37298.0469252043,16.3448353850103,Low Value
52,paid advertising,8349.82709695667,1.36448629106497,Low Value
53,referral,43203.587899609,53.2030491237941,Medium Value
54,referral,28624.8334943285,35.2500451142616,Low Value
55,paid advertising,9584.62499375251,1.56627068526253,Low Value
56,paid advertising,2261.2225739261,0.369517496271673,Low Value
57,email marketing,52394.5062344611,22.9604402932547,Low Value
58,paid advertising,2113.44091074574,0.345367768242709,Low Value
59,referral,10332.2826247185,12.7236872391516,Low Value
60,paid advertising,5830.97074897153,0.952867593326857,Low Value
61,email marketing,66080.4377799742,28.9579205004761,Low Value
62,social media,8196.38572549054,13.7365070393094,Low Value
63,email marketing,74048.0135265264,32.4494897576051,Low Value
64,social media,43173.1937272745,72.3549256228643,Medium Value
65,paid advertising,13725.795599762,2.24299973069637,Low Value
66,social media,16325.167698951,27.3597154312946,Low Value
67,paid advertising,8205.32947073587,1.34087322365887,Low Value
68,referral,28456.5708713492,35.0428381430057,Low Value
69,email marketing,56168.6210617753,24.6143415203157,Low Value
70,social media,50526.8083475957,84.679013626954,High Value
71,paid advertising,7246.39067854336,1.18416832178204,Low Value
72,referral,16257.5307053477,20.0203327269501,Low Value
73,paid advertising,9118.2917454945,1.49006487681558,Low Value
74,paid advertising,8504.17683405615,1.38970934033966,Low Value
75,referral,42266.1247144385,52.0486102839396,Medium Value
76,paid advertising,10119.9230181613,1.65374636678966,Low Value
77,email marketing,32990.2188899871,14.4570491359406,Low Value
78,social media,18881.1249174102,31.6433015751662,Low Value
79,paid advertising,14809.5277964179,2.4200977362421,Low Value
80,email marketing,87314.5989801157,38.2632031618198,Low Value
81,social media,8280.1876015056,13.8769524866494,Low Value
82,email marketing,52146.7108165061,22.8518508187506,Low Value
83,email marketing,13452.5032435373,5.8951867231244,Low Value
84,paid advertising,10763.5942622358,1.75893184887137,Low Value
85,paid advertising,14060.7673696374,2.29773911422869,Low Value
86,email marketing,62420.6900686392,27.3541374924169,Low Value
87,social media,36238.5884870286,60.7330648554748,Medium Value
88,social media,15476.6737042985,25.9377052769765,Low Value
89,paid advertising,5716.02945538681,0.934084471526552,Low Value
90,paid advertising,4379.4264128445,0.715663598020149,Low Value
91,email marketing,81901.2221570994,35.8909407957322,Low Value
92,email marketing,35620.6625575091,15.6097681729832,Low Value
93,referral,41400.7740819734,50.9829744317662,Medium Value
94,email marketing,55806.4585278411,24.4556338268099,Low Value
95,social media,31189.5254571215,52.2712266532366,Medium Value
96,referral,43672.3194921943,53.7802685437214,Medium Value
97,social media,8751.57315409029,14.6669581279372,Low Value
98,paid advertising,12408.896778977,2.02779882092716,Low Value
99,email marketing,94195.6871248653,41.2786493384312,Low Value
100,email marketing,86418.7232382785,37.8706104463053,Low Value
101,social media,20106.7273541304,33.6973162425145,Low Value
102,social media,12197.9253052095,20.4427771497969,Low Value
103,email marketing,48963.4927550846,21.4568937231991,Low Value
104,social media,15602.3765183211,26.1483734479866,Low Value
105,social media,46200.5364983184,77.4285174080237,Medium Value
106,social media,14680.5558821555,24.603473527246,Low Value
107,email marketing,63526.2388564383,27.8386136094348,Low Value
108,paid advertising,5420.4661290261,0.885785015468625,Low Value
109,email marketing,63297.5046244799,27.7383771714311,Low Value
110,referral,6606.46740160473,8.13553287562725,Low Value
111,referral,47410.1534740923,58.3832234051926,Medium Value
112,referral,43672.3194921943,53.7802685437214,Medium Value
113,email marketing,32189.6490781326,14.1062216029277,Low Value
114,referral,37338.433612901,45.9804061257299,Low Value
115,paid advertising,14875.2085356092,2.43083094869942,Low Value
116,email marketing,65508.6022000781,28.7073294054669,Low Value
117,social media,45362.5177381679,76.0240629346232,Medium Value
118,referral,22963.9981069525,28.279010581294,Low Value
119,paid advertising,8750.4796060234,1.4299588870546,Low Value
120,paid advertising,13476.2087908352,2.20221352335857,Low Value
121,paid advertising,12875.2300272351,2.10400462937412,Low Value
122,email marketing,66118.5601519673,28.9746265734768,Low Value
123,email marketing,13814.6657774715,6.05389441663026,Low Value
124,referral,40475.329655587,49.8433360898585,Low Value
125,email marketing,20238.2854583043,8.86886771723422,Low Value
126,email marketing,51803.6094685685,22.7014961617451,Low Value
127,email marketing,24145.8285875942,10.5812401997975,Low Value
128,paid advertising,9095.30348677756,1.48630825245552,Low Value
129,paid advertising,7745.564296397,1.26574073645765,Low Value
130,email marketing,37793.6377611143,16.5620143340183,Low Value
131,paid advertising,2895.04170712183,0.473092996484783,Low Value
132,social media,32886.5134464264,55.1152469618727,Medium Value
133,email marketing,49916.5520549114,21.8745455482146,Low Value
134,referral,17074.8063026759,21.0267665873361,Low Value
135,referral,55366.5717892578,68.1811530460092,Medium Value
136,social media,18849.6992139045,31.5906345324137,Low Value
137,email marketing,29025.4922027075,12.7196175438764,Low Value
138,email marketing,47286.1083873894,20.721826511172,Low Value
139,paid advertising,15840.7154017208,2.58860917182198,Low Value
140,paid advertising,5555.1116443682,0.907788101006125,Low Value
141,referral,57061.2167778353,70.2680232565154,Medium Value
142,email marketing,14291.1954273849,6.26272032913798,Low Value
143,social media,32017.0689827702,53.6581254457196,Medium Value
144,paid advertising,7640.47511369097,1.24856759652594,Low Value
145,email marketing,67033.497079801,29.3755723254916,Low Value
146,social media,44953.9835925945,75.3393913788404,Medium Value
147,paid advertising,11656.852315237,1.90490353829088,Low Value
148,referral,23456.7672171062,28.8858309971149,Low Value
149,social media,18514.4917098443,31.0288527430535,Low Value
150,email marketing,47667.3321073201,20.8888872411781,Low Value
151,social media,42251.3730911089,70.8100257021237,Medium Value
152,social media,41444.780034464,69.4582382714757,Medium Value
153,email marketing,19399.5932744567,8.50133411122065,Low Value
154,email marketing,90002.2262056273,39.4409813083633,Low Value
155,social media,48578.4147302456,81.4136569762977,High Value
156,social media,24118.7421683512,40.4211420339196,Low Value
157,email marketing,56378.2941077372,24.7062249218191,Low Value
158,email marketing,72389.6903448277,31.7227755820783,Low Value
159,referral,41160.3989062886,50.6869644728292,Medium Value
160,email marketing,55063.0722739762,24.1298654032978,Low Value
161,email marketing,17398.1687448204,7.62426527868826,Low Value
162,social media,13894.9132945143,23.286797458433,Low Value
163,social media,28057.4303410588,47.0220780589021,Low Value
164,social media,23542.6042707477,39.4555795834567,Low Value
165,paid advertising,12661.7676248634,2.06912168888784,Low Value
166,paid advertising,15440.0628926541,2.52313657583235,Low Value
167,email marketing,62973.4644625388,27.5963755509259,Low Value
168,paid advertising,4064.15886472641,0.664144178225027,Low Value
169,email marketing,69987.9809092642,30.6702929830394,Low Value
170,email marketing,69797.3690492988,30.5867626180363,Low Value
171,referral,35343.3196547175,43.5235234665524,Low Value
172,paid advertising,12517.2699986426,2.04550862148174,Low Value
173,referral,28228.2144544487,34.7616286820155,Low Value
174,referral,52361.8820931983,64.481028559296,Medium Value
175,social media,44262.6181154703,74.180716438285,Medium Value
176,paid advertising,16146.1308389602,2.63851860974851,Low Value
177,email marketing,55291.8065059346,24.2301018413015,Low Value
178,social media,29471.5869988129,49.3920949827655,Low Value
179,paid advertising,4001.76216249471,0.653947626390576,Low Value
180,referral,37398.5274068221,46.0544086154642,Low Value
181,referral,46604.8966355483,57.3915900427535,Medium Value
182,paid advertising,1942.67098884844,0.317461415853685,Low Value
183,social media,40774.3650263436,68.3346746927552,Medium Value
184,paid advertising,4149.54382567506,0.678097354419539,Low Value
185,paid advertising,8487.75664925833,1.38702603722533,Low Value
186,social media,28340.2616726096,47.4960814436748,Low Value
187,referral,56075.6785575278,69.0543824248735,Medium Value
188,referral,46520.7653240587,57.2879865571255,Medium Value
189,referral,20560.2463501049,25.3189109919234,Low Value
190,email marketing,23154.6469157743,10.1468823017814,Low Value
191,social media,41214.3248754226,69.0720132912905,Medium Value
192,social media,34122.5911176485,57.1868173101385,Medium Value
193,referral,26533.5694658711,32.6747584715092,Low Value
194,email marketing,59866.4911451033,26.2348306013756,Low Value
195,email marketing,90021.2873916239,39.4493343448636,Low Value
196,paid advertising,1936.10291492932,0.316388094607953,Low Value
197,referral,21990.4786454292,27.0801702475989,Low Value
198,social media,28424.0635486247,47.6365268910148,Low Value
199,email marketing,60514.5714689856,26.5188338423861,Low Value
200,paid advertising,8740.62749514471,1.428348905186,Low Value
201,social media,17058.4341140827,28.5886130955201,Low Value
202,paid advertising,9873.62024619409,1.61349682007472,Low Value
203,paid advertising,4356.43815412755,0.711906973660088,Low Value
204,email marketing,47743.5768513062,20.9222993871794,Low Value
205,social media,35096.7879263235,58.8194956354666,Medium Value
206,referral,22314.9851326036,27.4797836921639,Low Value
207,paid advertising,4422.11889331882,0.722640186117405,Low Value
208,referral,15223.9174499033,18.7474899035207,Low Value
209,referral,12567.7717585867,15.4765798572663,Low Value
210,social media,44587.3503850286,74.7249425467277,Medium Value
211,email marketing,41853.6703783765,18.3412111085841,Low Value
212,email marketing,15148.9487972291,6.63860697165186,Low Value
213,social media,8185.91049098866,13.7189513583919,Low Value
214,referral,7183.36782324815,8.84595677707619,Low Value
215,social media,26863.2536078443,45.0207304343063,Low Value
216,paid advertising,15949.0886213864,2.60631897237656,Low Value
217,paid advertising,11699.5447957113,1.91188012638814,Low Value
218,social media,31105.7235811065,52.1307812058965,Medium Value
219,referral,7351.63044622748,9.05316374833213,Low Value
220,email marketing,68558.3919595239,30.0438152455163,Low Value
221,referral,20464.096279831,25.2005070083486,Low Value
222,referral,36701.4393973363,45.1959797345467,Low Value
223,email marketing,33447.687353904,14.657522011948,Low Value
224,email marketing,67567.210287704,29.6094573475002,Low Value
225,social media,23196.9215321856,38.876242113179,Low Value
226,referral,39634.0165406904,48.8073012335788,Low Value
227,referral,13373.0285971306,16.4682132197054,Low Value
228,referral,58455.3927968069,71.9848810183504,Medium Value
229,social media,25637.6511711241,42.966715766958,Low Value
230,paid advertising,4369.57430196581,0.714053616151552,Low Value
231,email marketing,31217.5285923092,13.6802167414119,Low Value
232,referral,36785.570708826,45.2995832201747,Low Value
233,social media,30927.6445945745,51.8323346302989,Medium Value
234,email marketing,85751.5817283997,37.5782541687945,Low Value
235,paid advertising,6658.54806278151,1.08810607028905,Low Value
236,referral,50042.2616478404,61.6245324555534,Medium Value
237,social media,32425.6031283436,54.3427970015024,Medium Value
238,referral,35715.9011770288,43.9823389029048,Low Value
239,social media,8175.43525648678,13.7013956774744,Low Value
240,referral,26497.5131895184,32.6303569776687,Low Value
241,referral,39201.3412244578,48.2744833074921,Low Value
242,email marketing,31236.5897783057,13.6885697779122,Low Value
243,paid advertising,3899.95701674824,0.637311147081734,Low Value
244,referral,49922.074059998,61.4765274760849,Medium Value
245,paid advertising,4717.68221967953,0.770939642175332,Low Value
246,email marketing,39528.2056867991,17.3221406555464,Low Value
247,social media,38962.149457518,65.2975418940266,Medium Value
248,referral,59188.5370826454,72.8877113931084,Medium Value
249,referral,41100.3051123674,50.6129619830949,Medium Value
250,email marketing,94062.2588228896,41.220178082929,Low Value
251,paid advertising,4179.10015831113,0.682927300025332,Low Value
252,paid advertising,8885.1251213655,1.4519619725921,Low Value
253,social media,38972.6246920198,65.3150975749441,Medium Value
254,referral,59921.6813684839,73.7905417678664,Medium Value
255,paid advertising,12228.2747462011,1.99828248666954,Low Value
256,paid advertising,10208.5920160696,1.66823620360704,Low Value
257,email marketing,47362.3531313755,20.7552386571732,Low Value
258,referral,50523.0119992099,62.2165523734275,Medium Value
259,email marketing,24946.3983994488,10.9320677328104,Low Value
260,referral,55570.8906885898,68.4327615111057,Medium Value
261,referral,11510.1209855738,14.1741360379432,Low Value
262,referral,32699.1927221851,40.2674139182447,Low Value
263,social media,11946.5196771643,20.0214408077768,Low Value
264,social media,15120.5157312345,25.3408121257813,Low Value
265,paid advertising,14576.3611722889,2.38199483201863,Low Value
266,email marketing,90288.1439955754,39.5662768558679,Low Value
267,paid advertising,7223.40241982641,1.18041169742198,Low Value
268,referral,59068.349494803,72.7397064136399,Medium Value
269,paid advertising,13988.5185565271,2.28593258052564,Low Value
270,email marketing,22106.2816859648,9.68746529426446,Low Value
271,email marketing,41377.1407284631,18.1323851960763,Low Value
272,referral,25331.6935874473,31.194708676824,Low Value
273,referral,39874.3917163751,49.1033111925159,Low Value
274,referral,25608.1250394848,31.5351201296016,Low Value
275,email marketing,23478.6870777155,10.2888839222867,Low Value
276,referral,27807.5578970003,34.2436112538756,Low Value
277,referral,17831.9881060829,21.9591979579878,Low Value
278,paid advertising,5049.36995259543,0.825142365084784,Low Value
279,paid advertising,12533.6901834405,2.04819192459607,Low Value
280,social media,49343.106848883,82.6952216832757,High Value
281,referral,40487.3484143713,49.8581365878054,Low Value
282,referral,13973.9665363425,17.208238117048,Low Value
283,referral,49837.9427485083,61.3729239904569,Medium Value
284,paid advertising,10326.8173466138,1.68755598603021,Low Value
285,email marketing,72256.262042852,31.6643043265761,Low Value
286,referral,28588.7772179758,35.2056436204211,Low Value
287,paid advertising,4832.62351326425,0.789722763975637,Low Value
288,paid advertising,5538.69145957038,0.905104797891796,Low Value
289,email marketing,88439.2089539113,38.756032315338,Low Value
290,referral,24971.1308239202,30.7506937384184,Low Value
291,social media,23259.7729391968,38.981576198684,Low Value
292,referral,39742.1853697485,48.9405057151005,Low Value
293,email marketing,64650.848830234,28.331442762953,Low Value
294,paid advertising,9883.47235707278,1.61510680194332,Low Value
295,email marketing,69892.6749792815,30.6285278005379,Low Value
296,referral,23685.1236340067,29.1670404581051,Low Value
297,email marketing,17493.474674803,7.6660304611898,Low Value
298,social media,7787.85157991714,13.0518354835266,Low Value
299,social media,11307.5303725495,18.9505442718089,Low Value
300,paid advertising,3131.4923682104,0.511732561331124,Low Value
301,email marketing,52299.2003044784,22.9186751107531,Low Value
302,paid advertising,14871.9244986496,2.43029428807656,Low Value
303,paid advertising,2872.05344840489,0.469336372124722,Low Value
304,referral,54188.7334284024,66.7307042472176,Medium Value
305,social media,26056.6605511993,43.6689430036583,Low Value
306,paid advertising,10310.397161816,1.68487268291588,Low Value
307,email marketing,61391.3860248263,26.9030735214003,Low Value
308,paid advertising,12954.0469142646,2.1168844843229,Low Value
309,email marketing,65394.2350840989,28.657211186465,Low Value
310,social media,7808.80204892091,13.0869468453616,Low Value
311,social media,41182.8991719169,69.019346248538,Medium Value
312,paid advertising,12313.6597071497,2.01223566286405,Low Value
313,social media,31053.3474085971,52.043002801309,Medium Value
314,referral,10103.9262078179,12.4424777781614,Low Value
315,paid advertising,11249.6317322512,1.83835762105552,Low Value
316,referral,26569.6257422238,32.7191599653498,Low Value
317,social media,47090.9314309784,78.9207502860118,Medium Value
318,email marketing,78146.1685157817,34.2453926051714,Low Value
319,social media,47824.1978461101,80.1496479502372,High Value
320,email marketing,41148.4064965047,18.0321487580726,Low Value
321,paid advertising,5824.4026750524,0.951794272081125,Low Value
322,referral,37062.0021608635,45.6399946729523,Low Value
323,social media,48641.2661372569,81.5189910618028,High Value
324,paid advertising,10395.7821227647,1.6988258591104,Low Value
325,referral,31881.917124857,39.2609800578588,Low Value
326,referral,42290.162232007,52.0782112798333,Medium Value
327,email marketing,48258.2288732127,21.1478313726877,Low Value
328,social media,26391.8680552596,44.2307247930185,Low Value
329,email marketing,73704.9121785887,32.2991351005995,Low Value
330,referral,19226.1641250545,23.6760557198227,Low Value
331,referral,26136.9504259913,32.1863420392631,Low Value
332,email marketing,62573.1795566115,27.4209617844194,Low Value
333,referral,18985.7889493697,23.3800457608857,Low Value
334,referral,51797.0004303391,63.7854051557939,Medium Value
335,email marketing,94367.2377988341,41.353826666934,Low Value
336,social media,28685.9444111717,48.0754189139525,Low Value
337,referral,5909.37939211893,7.27710399470979,Low Value
338,email marketing,15396.7442151841,6.74719644615587,Low Value
339,paid advertising,12717.596253176,2.07824491947655,Low Value
340,referral,34526.0440573893,42.5170896061664,Low Value
341,social media,36123.3609075079,60.5399523653823,Medium Value
342,email marketing,90078.4709496135,39.4743934543645,Low Value
343,referral,15284.0112438245,18.821492393255,Low Value
344,referral,9971.71986119133,12.279672300746,Low Value
345,social media,42136.1455115882,70.6169132120311,Medium Value
346,email marketing,18942.1248105398,8.30086123521325,Low Value
347,email marketing,61124.5294208748,26.7861310103959,Low Value
348,social media,24831.0581144791,41.61492833631,Low Value
349,social media,22474.1303515557,37.664900129871,Low Value
350,referral,18216.5883871785,22.4328138922871,Low Value
351,referral,14899.4109627289,18.3478764589557,Low Value
352,social media,31042.8721740952,52.0254471203915,Medium Value
353,referral,26882.113470614,33.103972911968,Low Value
354,referral,35896.1825587924,44.2043463721076,Low Value
355,referral,43323.7754874514,53.3510541032627,Medium Value
356,social media,34237.8186971692,57.379929800231,Medium Value
357,social media,11318.0056070514,18.9680999527264,Low Value
358,social media,27062.28306338,45.354288371739,Low Value
359,email marketing,61238.896536854,26.8362492293978,Low Value
360,paid advertising,7262.81086334118,1.18685162489637,Low Value
361,referral,47782.7349964037,58.8420388415451,Medium Value
362,referral,59404.8747407617,73.1541203561518,Medium Value
363,social media,43131.292789267,72.2847028991942,Medium Value
364,referral,14250.39798838,17.5486495698257,Low Value
365,referral,47121.7032632706,58.0280114544682,Medium Value
366,email marketing,43683.544234044,19.1431026126137,Low Value
367,referral,59068.349494803,72.7397064136399,Medium Value
368,email marketing,75267.9294303047,32.9840840936248,Low Value
369,social media,13444.4782109334,22.5319031789802,Low Value
370,email marketing,68005.6175656244,29.8015771870073,Low Value
371,referral,17339.2189959291,21.3523775421668,Low Value
372,email marketing,68996.7992374443,30.2359350850233,Low Value
373,referral,45643.3959328093,56.2075502070053,Medium Value
374,social media,11265.629434542,18.8803215481388,Low Value
375,social media,13172.1221138845,22.0754554751251,Low Value
376,paid advertising,12625.6432183082,2.06321842203631,Low Value
377,paid advertising,9584.62499375251,1.56627068526253,Low Value
378,referral,30631.9662112962,37.7217282713861,Low Value
379,email marketing,65908.8871060054,28.8827431719734,Low Value
380,email marketing,31732.1806142157,13.9057487269202,Low Value
381,referral,13877.8164660686,17.0898341334732,Low Value
382,social media,20211.4796991492,33.8728730516896,Low Value
383,email marketing,50869.6113547382,22.29219737323,Low Value
384,social media,17906.9281087351,30.0106232498381,Low Value
385,paid advertising,12451.5892594514,2.03477540902442,Low Value
386,referral,29033.4712929926,35.7532620444546,Low Value
387,referral,32170.3673356787,39.6161920085832,Low Value
388,email marketing,55005.8887159866,24.1048062937969,Low Value
389,paid advertising,12862.0938793968,2.10185798688265,Low Value
390,social media,22840.7635591216,38.2793489619837,Low Value
391,paid advertising,5463.15860950042,0.892761603565881,Low Value
392,referral,46256.3526308055,56.9623756022947,Medium Value
393,paid advertising,8211.897544655,1.3419465449046,Low Value
394,social media,5650.90374153322,9.47047657635526,Low Value
395,paid advertising,15594.4126297536,2.54835962510704,Low Value
396,paid advertising,3236.58155091643,0.528905701262832,Low Value
397,paid advertising,14546.8048396528,2.37716488641284,Low Value
398,paid advertising,1653.67573640686,0.27023528104149,Low Value
399,social media,8583.96940206018,14.3860672332571,Low Value
400,email marketing,35334.7447675611,15.4844726254786,Low Value
401,email marketing,39242.287896851,17.1968451080418,Low Value
402,paid advertising,12937.6267294668,2.11420118120857,Low Value
403,email marketing,81043.4687872552,35.5150541532183,Low Value
404,referral,15560.4426958619,19.1619038460326,Low Value
405,referral,45679.452209162,56.2519517008458,Medium Value
406,email marketing,94138.5035668757,41.2535902289303,Low Value
407,paid advertising,16313.6167238979,2.66588830151467,Low Value
408,paid advertising,3210.30925523992,0.524612416279905,Low Value
409,referral,31749.7107782303,39.0981745804434,Low Value
410,paid advertising,10579.6881925002,1.72887885399088,Low Value
411,paid advertising,14494.2602482998,2.36857831644698,Low Value
412,email marketing,38556.0852009757,16.8961357940307,Low Value
413,paid advertising,3180.75292260385,0.519782470674112,Low Value
414,email marketing,65546.7245720712,28.7240354784675,Low Value
415,paid advertising,6967.24753698047,1.13855216883844,Low Value
416,social media,9757.19566627096,16.3523034960179,Low Value
417,social media,10961.8476339874,18.3712068015312,Low Value
418,social media,11537.9855315909,19.336769251994,Low Value
419,email marketing,25346.683305376,11.1074814993169,Low Value
420,email marketing,27309.9854630193,11.9678442588487,Low Value
421,social media,20305.7568096661,34.0308741799471,Low Value
422,referral,39742.1853697485,48.9405057151005,Low Value
423,email marketing,17645.9641627753,7.73285475319227,Low Value
424,paid advertising,11210.2232887364,1.83191769358113,Low Value
425,paid advertising,13597.718158339,2.2220699664046,Low Value
426,referral,47662.5474085613,58.6940338620765,Medium Value
427,referral,43972.7884618003,54.1502809923927,Medium Value
428,email marketing,21248.5283161207,9.31157865175057,Low Value
429,paid advertising,15000.0019400726,2.45122405236832,Low Value
430,email marketing,45932.7641816353,20.1287609196501,Low Value
431,email marketing,27195.61834704,11.9177260398468,Low Value
432,referral,59440.9310171144,73.1985218499923,Medium Value
433,referral,33840.9748066877,41.6734612231958,Low Value
434,email marketing,16349.8035150109,7.16484827117129,Low Value
435,email marketing,77879.3119118302,34.1284500941671,Low Value
436,referral,52037.3756060239,64.081415114731,Medium Value
437,paid advertising,10648.6529686511,1.74014872707107,Low Value
438,email marketing,71226.957999039,31.2132403555594,Low Value
439,email marketing,92232.3849672221,40.4182865788994,Low Value
440,paid advertising,6691.38843237714,1.09347267651771,Low Value
441,social media,9840.99754228601,16.4927489433579,Low Value
442,social media,33724.532206577,56.5197014352732,Medium Value
443,email marketing,33638.2992138693,14.7410523769511,Low Value
444,social media,6268.94257714425,10.5062617504882,Low Value
445,paid advertising,4901.58828941508,0.80099263705582,Low Value
446,social media,8898.22643711664,14.9127376607823,Low Value
447,paid advertising,1650.3916994473,0.269698620418624,Low Value
448,email marketing,52546.9957224334,23.0272645852571,Low Value
449,referral,43636.2632158416,53.7358670498808,Medium Value
450,referral,6846.84257728949,8.43154283456431,Low Value
451,referral,31016.5664923918,38.1953442056853,Low Value
452,social media,20043.8759471191,33.5919821570095,Low Value
453,referral,44633.8201949333,54.9643083794696,Medium Value
454,referral,24562.4930252561,30.2474768082254,Low Value
455,social media,19122.0553109535,32.0470822362689,Low Value
456,social media,20976.1718177866,35.1544377586676,Low Value
457,referral,53900.2832175807,66.3754922964931,Medium Value
458,referral,39285.4725359475,48.3780867931201,Low Value
459,paid advertising,12389.1925572197,2.02457885718997,Low Value
460,paid advertising,1574.85884937734,0.257355426092709,Low Value
461,social media,23060.7434836611,38.6480182612514,Low Value
462,paid advertising,8596.12986892392,1.40473583777991,Low Value
463,email marketing,71036.3461390736,31.1297099905564,Low Value
464,referral,6101.67953266674,7.51391196185943,Low Value
465,referral,33997.2186708828,41.8658676965049,Low Value
466,social media,20881.8947072696,34.99643663041,Low Value
467,referral,11714.4398849058,14.4257445030397,Low Value
468,social media,42261.8483256108,70.8275813830412,Medium Value
469,email marketing,49916.5520549114,21.8745455482146,Low Value
470,email marketing,40805.305148567,17.8817941010671,Low Value
471,paid advertising,6389.25703209731,1.04409989921405,Low Value
472,referral,44044.9010145057,54.2390839800738,Medium Value
473,paid advertising,8537.01720365178,1.39507594656832,Low Value
474,email marketing,43207.0145841306,18.934276700106,Low Value
475,paid advertising,5348.2173159157,0.873978481765576,Low Value
476,paid advertising,7269.3789372603,1.1879249461421,Low Value
477,social media,44660.6770265418,74.8478323131502,Medium Value
478,social media,16356.5934024566,27.4123824740471,Low Value
479,referral,30680.0412464332,37.7809302631735,Low Value
480,email marketing,74791.3997803913,32.7752581811171,Low Value
481,email marketing,46409.2938315487,20.3375868321578,Low Value
482,referral,57830.4173400265,71.215255125114,Medium Value
483,paid advertising,8704.50308858951,1.42244563833448,Low Value
484,email marketing,49630.6342649633,21.7492500007099,Low Value
485,email marketing,56607.0283396956,24.8064613598228,Low Value
486,email marketing,58799.0647292973,25.7670605573583,Low Value
487,email marketing,67433.7819857283,29.5509860919981,Low Value
488,paid advertising,11794.7818675387,1.92744328445125,Low Value
489,social media,43037.0156787501,72.1267017709367,Medium Value
490,paid advertising,14714.2907245906,2.40453457817899,Low Value
491,email marketing,60228.6536790375,26.3935382948814,Low Value
492,paid advertising,6835.88605859793,1.11708574392381,Low Value
493,referral,22134.70375084,27.2577762229611,Low Value
494,social media,49615.4629459319,83.1516693871309,High Value
495,paid advertising,3039.53933334262,0.49670606389088,Low Value
496,referral,43528.0943867835,53.6026625683592,Medium Value
497,email marketing,84283.8704066664,36.9350703582708,Low Value
498,referral,19093.9577784279,23.5132502424073,Low Value
499,social media,14691.0311166574,24.6210292081635,Low Value
500,referral,45547.2458625354,56.0891462234304,Medium Value
501,referral,33059.7554857123,40.7114288566503,Low Value
502,paid advertising,4740.67047839647,0.774696266535393,Low Value
503,paid advertising,3860.54857323348,0.630871219607344,Low Value
504,social media,33148.3943089735,55.5541389848103,Medium Value
505,social media,51553.3813287801,86.3994703568696,High Value
506,paid advertising,11863.7466436895,1.93871315753143,Low Value
507,email marketing,87638.6391420568,38.4052047823251,Low Value
508,paid advertising,6901.5667977892,1.12781895638113,Low Value
509,email marketing,55177.4393899554,24.1799836222997,Low Value
510,email marketing,85599.0922404274,37.511429876792,Low Value
511,email marketing,91508.0598993537,40.1008711918877,Low Value
512,email marketing,57846.0054294705,25.3494087323429,Low Value
513,paid advertising,2688.14737866934,0.439283377244234,Low Value
514,social media,9023.92925113922,15.1234058317924,Low Value
515,social media,11202.7780275307,18.7749874626338,Low Value
516,social media,39485.9111826121,66.1753259399019,Medium Value
517,email marketing,51765.4870965754,22.6847900887445,Low Value
518,paid advertising,4487.79963251009,0.733373398574722,Low Value
519,referral,38299.93431564,47.1644459614782,Low Value
520,paid advertising,9499.24003280386,1.55231750906802,Low Value
521,paid advertising,7545.23804186363,1.23300443846283,Low Value
522,email marketing,23002.157427802,10.080058009779,Low Value
523,email marketing,78012.740213806,34.1869213496693,Low Value
524,social media,39370.6836030914,65.9822134498093,Medium Value
525,email marketing,90764.6736454888,39.7751027683757,Low Value
526,referral,30247.3659302006,37.2481123370868,Low Value
527,paid advertising,8077.2520293129,1.3199434593671,Low Value
528,referral,19634.8019237186,24.1792726500157,Low Value
529,email marketing,70102.3480252434,30.7204112020412,Low Value
530,referral,58575.5803846493,72.1328859978189,Medium Value
531,email marketing,66156.6825239603,28.9913326464774,Low Value
532,social media,45383.4682071716,76.0591742964582,Medium Value
533,email marketing,10288.3463681123,4.50858266407319,Low Value
534,referral,29610.371714636,36.4636859459036,Low Value
535,paid advertising,10054.2422789701,1.64301315433235,Low Value
536,email marketing,88858.5550458351,38.9397991183448,Low Value
537,email marketing,39051.6760368857,17.1133147430387,Low Value
538,paid advertising,10803.0027057505,1.76537177634576,Low Value
539,referral,13156.6909390144,16.201804256662,Low Value
540,email marketing,53576.2997662464,23.4783285562738,Low Value
541,referral,35379.3759310702,43.5679249603929,Low Value
542,paid advertising,14786.539537701,2.41634111188204,Low Value
543,paid advertising,9857.20006139627,1.6108135169604,Low Value
544,referral,48936.5358396905,60.2628866444429,Medium Value
545,referral,46977.4781578597,57.8504054791059,Medium Value
546,referral,54801.6901263986,67.4855296425071,Medium Value
547,paid advertising,5128.18683962496,0.838022220033564,Low Value
548,referral,43996.8259793687,54.1798819882864,Medium Value
549,email marketing,82434.9353650024,36.1248258177408,Low Value
550,email marketing,38784.8194329341,16.9963722320344,Low Value
551,social media,48065.1282396534,80.5534286113399,High Value
552,referral,25475.9186928582,31.3723146521862,Low Value
553,social media,51563.856563282,86.4170260377871,High Value
554,referral,24658.64309553,30.3658807918002,Low Value
555,social media,48347.9595712042,81.0274319961126,High Value
556,paid advertising,15446.6309665732,2.52420989707808,Low Value
557,social media,28874.4986322056,48.3914211704676,Low Value
558,paid advertising,13216.7698710296,2.15981733415216,Low Value
559,referral,42446.406096202,52.2706177531424,Medium Value
560,social media,12543.6080437716,21.0221146200747,Low Value
561,paid advertising,5673.33697491248,0.927107883429296,Low Value
562,email marketing,52451.6897924507,22.9854994027556,Low Value
563,referral,15548.4239370777,19.1471033480858,Low Value
564,email marketing,45837.4582516526,20.0869957371485,Low Value
565,paid advertising,7853.93751606259,1.28345053701222,Low Value
566,social media,36259.5389560324,60.7681762173098,Medium Value
567,social media,50872.4910861578,85.2583510972317,High Value
568,paid advertising,16313.6167238979,2.66588830151467,Low Value
569,paid advertising,12648.6314770252,2.06697504639637,Low Value
570,email marketing,43569.1771180648,19.0929843936118,Low Value
571,email marketing,24069.5838436081,10.5478280537962,Low Value
572,email marketing,10288.3463681123,4.50858266407319,Low Value
573,email marketing,24050.5226576115,10.5394750172959,Low Value
574,email marketing,81634.3655531479,35.7739982847279,Low Value
575,email marketing,26547.5380231578,11.6337227988363,Low Value
576,paid advertising,9180.68844772621,1.50026142865003,Low Value
577,email marketing,14176.8283114057,6.21260211013612,Low Value
578,referral,55222.3466838469,68.0035470706469,Medium Value
579,social media,18713.5211653801,31.3624106804861,Low Value
580,paid advertising,12996.7393947389,2.12386107242015,Low Value
581,email marketing,35258.5000235749,15.4510604794773,Low Value
582,paid advertising,2412.28827406601,0.394203884923502,Low Value
583,referral,22098.6474744873,27.2133747291206,Low Value
584,email marketing,23554.9318217016,10.3222960682879,Low Value
585,email marketing,88038.9240479841,38.5806185488315,Low Value
586,referral,30643.9849700805,37.7365287693329,Low Value
587,paid advertising,11016.4651081222,1.80025471683204,Low Value
588,referral,42061.8058151064,51.7970018188431,Medium Value
589,paid advertising,4885.16810461726,0.798309333941491,Low Value
590,email marketing,58932.4930312731,25.8255318128605,Low Value
591,email marketing,19475.8380184428,8.53474625722189,Low Value
592,paid advertising,8202.04543377631,1.340336563036,Low Value
593,referral,45943.8649024153,56.5775626556766,Medium Value
594,paid advertising,9164.26826292839,1.4975781255357,Low Value
595,social media,49112.6516898416,82.3089967030906,High Value
596,social media,35861.4800449609,60.1010603424446,Medium Value
597,paid advertising,5075.64224827194,0.82943565006771,Low Value
598,referral,47842.8287903249,58.9160413312793,Medium Value
599,email marketing,64612.7264582409,28.3147366899524,Low Value
600,referral,32891.4928627329,40.5042218853944,Low Value
601,social media,24642.5038934453,41.2989260797949,Low Value
602,social media,22725.5359796009,38.0862364718912,Low Value
603,referral,24105.7801914551,29.685057886245,Low Value
604,referral,47758.6974788352,58.8124378456514,Medium Value
605,referral,45535.2271037512,56.0743457254836,Medium Value
606,referral,42073.8245738907,51.81180231679,Medium Value
607,paid advertising,16008.2012866586,2.61597886358814,Low Value
608,email marketing,39890.3682207333,17.4808483490523,Low Value
609,referral,13601.3850140312,16.7494226806956,Low Value
610,social media,26664.2241523085,44.6871724968737,Low Value
611,paid advertising,12280.8193375541,2.0068690566354,Low Value
612,referral,22723.6229312677,27.9830006223569,Low Value
613,email marketing,49535.3283349806,21.7074848182084,Low Value
614,social media,37579.4185032695,62.9801920129157,Medium Value
615,social media,10521.8877849083,17.6338682029959,Low Value
616,paid advertising,8290.71443168452,1.35482639985338,Low Value
617,email marketing,65070.1949221578,28.5152095659598,Low Value
618,social media,11349.431310557,19.0207669954789,Low Value
619,paid advertising,11394.129358472,1.86197068846162,Low Value
620,email marketing,33562.0544698832,14.7076402309499,Low Value
621,paid advertising,15006.5700139917,2.45229737361406,Low Value
622,social media,43141.7680237689,72.3022585801117,Medium Value
623,email marketing,73952.7075965437,32.4077245751036,Low Value
624,social media,26926.1050148555,45.1260645198114,Low Value
625,email marketing,59199.3496352246,25.9424743238648,Low Value
626,social media,40795.3154953473,68.3697860545902,Medium Value
627,referral,12014.9088545118,14.795756951711,Low Value
628,paid advertising,5354.78538983483,0.875051803011308,Low Value
629,email marketing,58989.6765892627,25.8505909223614,Low Value
630,email marketing,43283.2593281167,18.9676888461072,Low Value
631,paid advertising,7896.62999653691,1.29042712510948,Low Value
632,paid advertising,4796.49910670905,0.783819497124113,Low Value
633,social media,35170.1145678367,58.9423854018891,Medium Value
634,social media,41706.6608970111,69.8971302944133,Medium Value
635,referral,13733.5913606578,16.912228158111,Low Value
636,referral,15680.6302837043,19.3099088255011,Low Value
637,referral,42266.1247144385,52.0486102839396,Medium Value
638,paid advertising,15200.328194606,2.48396035036314,Low Value
639,paid advertising,15311.9854512311,2.50220681154058,Low Value
640,email marketing,9430.59299826817,4.13269602155931,Low Value
641,social media,29303.9832467828,49.1112040880854,Low Value
642,paid advertising,7440.1488591576,1.21583129853113,Low Value
643,referral,18517.0573567845,22.8028263409584,Low Value
644,email marketing,90154.7156935996,39.5078056003658,Low Value
645,referral,45475.13330983,56.0003432357493,Medium Value
646,paid advertising,13315.2909798165,2.17591715283814,Low Value
647,social media,14251.0712675783,23.8836906096283,Low Value
648,paid advertising,4014.89831033296,0.656094268882039,Low Value
649,paid advertising,15167.4878250103,2.47859374413448,Low Value
650,paid advertising,16024.6214714564,2.61866216670247,Low Value
651,email marketing,22925.9126838159,10.0466458637777,Low Value
652,email marketing,58780.0035433008,25.758707520858,Low Value
653,referral,12772.0906579188,15.7281883223628,Low Value
654,paid advertising,11183.9509930599,1.8276244085982,Low Value
655,paid advertising,12714.3122162164,2.07770825885369,Low Value
656,email marketing,12937.8512216309,5.66965473761607,Low Value
657,paid advertising,2120.00898466487,0.346441089488441,Low Value
658,referral,23841.3674982018,29.3594469314142,Low Value
659,referral,14490.7731640648,17.8446595287627,Low Value
660,paid advertising,13597.718158339,2.2220699664046,Low Value
661,social media,46011.9822772845,77.1125151515086,Medium Value
662,email marketing,44255.3798139401,19.3936937076229,Low Value
663,social media,42387.5511396334,71.0382495540513,Medium Value
664,referral,14034.0603302637,17.2822406067823,Low Value
665,paid advertising,9019.7706367076,1.4739650581296,Low Value
666,referral,14851.3359275919,18.2886744671683,Low Value
667,paid advertising,8461.48435358182,1.38273275224241,Low Value
668,social media,12187.4500707076,20.4252214688794,Low Value
669,social media,5336.64670647676,8.94380614883006,Low Value
670,paid advertising,15210.1803054846,2.48557033223174,Low Value
671,referral,51965.2630533184,63.9926121270498,Medium Value
672,referral,31942.0109187782,39.334982547593,Low Value
673,email marketing,47019.2517834379,20.6048840001677,Low Value
674,social media,7609.77259338515,12.753388907929,Low Value
675,referral,48996.6296336117,60.3368891341772,Medium Value
676,referral,22771.6979664047,28.0422026141443,Low Value
677,social media,40921.0183093699,68.5804542256003,Medium Value
678,paid advertising,2964.00648327267,0.484362869564966,Low Value
679,social media,26507.0956347803,44.4238372831111,Low Value
680,email marketing,26109.1307452375,11.4416029593292,Low Value
681,paid advertising,12582.9507378339,2.05624183393905,Low Value
682,paid advertising,9256.22129779617,1.51260462297594,Low Value
683,social media,39810.6434521704,66.7195520483446,Medium Value
684,email marketing,32380.2609380979,14.1897519679307,Low Value
685,referral,49946.1115775665,61.5061284719786,Medium Value
686,social media,27973.6284650437,46.881632611562,Low Value
687,paid advertising,9870.33620923453,1.61296015945186,Low Value
688,referral,30019.0095133001,36.9669028760966,Low Value
689,referral,11966.8338193748,14.7365549599236,Low Value
690,social media,36689.0235706096,61.4879591349276,Medium Value
691,social media,38155.556400873,63.9457544633785,Medium Value
692,email marketing,35144.1329075957,15.4009422604755,Low Value
693,paid advertising,7118.31323712039,1.16323855749027,Low Value
694,email marketing,77326.5375179306,33.8862120356582,Low Value
695,paid advertising,2146.28128034138,0.350734374471368,Low Value
696,referral,32218.4423708156,39.6753940003706,Low Value
697,referral,34237.5938465676,42.1618776554419,Low Value
698,email marketing,64002.7685063517,28.0474395219425,Low Value
699,email marketing,63621.544786421,27.8803787919364,Low Value
700,email marketing,25518.2339793448,11.1826588278197,Low Value
701,paid advertising,13985.2345195675,2.28539591990277,Low Value
702,social media,21458.0326048731,35.9619990808729,Low Value
703,email marketing,82816.1590849331,36.291886547747,Low Value
704,email marketing,55139.3170179623,24.1632775492991,Low Value
705,referral,44982.3641996762,55.3935228199283,Medium Value
706,email marketing,69606.7571893334,30.5032322530332,Low Value
707,social media,44189.2914739571,74.0578266718624,Medium Value
708,social media,50516.3331130938,84.6614579460364,High Value
709,referral,17495.4628601242,21.5447840154759,Low Value
710,paid advertising,7561.65822666145,1.23568774157716,Low Value
711,email marketing,76659.3960080519,33.5938557581474,Low Value
712,social media,7253.61462032116,12.1564957567338,Low Value
713,social media,19331.5600009911,32.398195854619,Low Value
714,referral,32951.5866566541,40.5782243751287,Low Value
715,paid advertising,12901.5023229116,2.10829791435704,Low Value
716,referral,28288.3082483698,34.8356311717498,Low Value
717,paid advertising,14198.6969219391,2.32027886038906,Low Value
718,referral,12555.7529998025,15.4617793593194,Low Value
719,social media,28759.2710526849,48.198308680375,Low Value
720,email marketing,41739.3032623973,18.2910928895822,Low Value
721,email marketing,9678.38841622315,4.24128549606332,Low Value
722,email marketing,31122.2226623265,13.6384515589104,Low Value
723,social media,5818.50749356333,9.75136747103537,Low Value
724,referral,47734.6599612667,58.7828368497577,Medium Value
725,paid advertising,7729.14411159918,1.26305743334332,Low Value
726,referral,21834.2347812341,26.8877637742898,Low Value
727,social media,43110.3423202632,72.2495915373592,Medium Value
728,referral,50823.4809688158,62.5865648220988,Medium Value
729,email marketing,66976.3135218114,29.3505132159907,Low Value
730,referral,16582.0371925222,20.4199461715151,Low Value
731,email marketing,90440.6334835477,39.6331011478704,Low Value
732,social media,45949.1308702733,77.0071810660035,Medium Value
733,paid advertising,14842.3681660135,2.42546434247076,Low Value
734,social media,33766.4331445845,56.5899241589432,Medium Value
735,paid advertising,3190.60503348254,0.52139245254271,Low Value
736,referral,20379.9649683413,25.0969035227206,Low Value
737,social media,7033.63469578164,11.7878264574661,Low Value
738,paid advertising,11183.9509930599,1.8276244085982,Low Value
739,paid advertising,2553.50186332724,0.417280291706734,Low Value
740,referral,42206.0309205173,51.9746077942053,Medium Value
741,social media,37128.9834196886,62.2252977334629,Medium Value
742,email marketing,34095.7676777862,14.9415252529585,Low Value
743,paid advertising,4326.88182149148,0.707077028054295,Low Value
744,referral,44465.557571954,54.7571014082137,Medium Value
745,email marketing,33066.4636339732,14.4904612819418,Low Value
746,email marketing,38517.9628289826,16.8794297210301,Low Value
747,social media,23542.6042707477,39.4555795834567,Low Value
748,referral,13252.8410092883,16.3202082402369,Low Value
749,referral,57325.6294710885,70.5936342113462,Medium Value
750,email marketing,46180.5595995903,20.2373503941541,Low Value
751,referral,11558.1960207107,14.2333380297306,Low Value
752,social media,44608.3008540324,74.7600539085627,Medium Value
753,paid advertising,14786.539537701,2.41634111188204,Low Value
754,referral,42338.2372671439,52.1374132716207,Medium Value
755,paid advertising,6491.06217784377,1.06073637852289,Low Value
756,social media,46190.0612638165,77.4109617271062,Medium Value
757,email marketing,77860.2507258337,34.1200970576668,Low Value
758,email marketing,88706.0655578628,38.8729748263423,Low Value
759,social media,44566.3999160248,74.6898311848927,Medium Value
760,social media,22872.1892626272,38.3320160047363,Low Value
761,social media,46703.3477544088,78.271190092064,Medium Value
762,email marketing,57007.3132456229,24.9818751263293,Low Value
763,referral,43179.5503820406,53.1734481279004,Medium Value
764,email marketing,88477.3313259044,38.7727383883386,Low Value
765,referral,53058.9701026841,65.3394574402135,Medium Value
766,paid advertising,9840.77987659846,1.60813021384607,Low Value
767,referral,35595.7135891865,43.8343339234363,Low Value
768,email marketing,38537.0240149792,16.8877827575304,Low Value
769,email marketing,88229.5359079494,38.6641489138346,Low Value
770,social media,9568.64144523708,16.0363012395028,Low Value
771,social media,21311.3793218468,35.7162195480278,Low Value
772,email marketing,11470.1398998976,5.02647092709232,Low Value
773,paid advertising,15998.3491757799,2.61436888171954,Low Value
774,social media,30833.3674840575,51.6743335020414,Medium Value
775,referral,19093.9577784279,23.5132502424073,Low Value
776,social media,43665.529748863,73.1800426259871,Medium Value
777,referral,14202.3229532431,17.4894475780382,Low Value
778,email marketing,70312.0210712053,30.8122946035446,Low Value
779,paid advertising,13748.7838584789,2.24675635505643,Low Value
780,social media,39894.4453281855,66.8599974956847,Medium Value
781,referral,38792.7034257937,47.7712663772991,Low Value
782,email marketing,64250.5639243067,28.1560289964465,Low Value
783,email marketing,81977.4669010855,35.9243529417334,Low Value
784,referral,43407.9067989411,53.4546575888906,Medium Value
785,email marketing,59409.0226811865,26.0343577253682,Low Value
786,email marketing,49135.0434290534,21.5320710517019,Low Value
787,social media,31503.782492178,52.7978970807618,Medium Value
788,email marketing,83788.2795707565,36.7178914092627,Low Value
789,email marketing,44426.9304879089,19.4688710361257,Low Value
790,referral,21870.2910575868,26.9321652681303,Low Value
791,social media,31838.9899962382,53.359678870122,Medium Value
792,email marketing,28339.2895068322,12.4189082298653,Low Value
793,social media,15130.9909657364,25.3583678066988,Low Value
794,paid advertising,16146.1308389602,2.63851860974851,Low Value
795,social media,47132.8323689859,78.9909730096818,Medium Value
796,social media,29366.8346537941,49.2165381735904,Low Value
797,email marketing,65451.4186420885,28.682270295966,Low Value
798,social media,21908.4676884541,36.7168933603257,Low Value
799,paid advertising,2569.92204812506,0.419963594821063,Low Value
800,email marketing,91774.9165033052,40.217813702892,Low Value
